ASV,NP-021-511-716_F_filt.fastq.gz,NP-022-507-715_F_filt.fastq.gz,NP-023-508-715_F_filt.fastq.gz,NP-024-510-716_F_filt.fastq.gz,NP-025-513-716_F_filt.fastq.gz,NP-026-515-716_F_filt.fastq.gz,NP-027-516-716_F_filt.fastq.gz,NP-028-517-716_F_filt.fastq.gz,NP-029-518-716_F_filt.fastq.gz,NP-030-520-716_F_filt.fastq.gz,NP-031-521-716_F_filt.fastq.gz,NP-032-522-716_F_filt.fastq.gz,NP-034-502-716_F_filt.fastq.gzASV1,5,102,0,3,0,61,4,0,5,1,29,4,2ASV2,2,0,0,1156,2,1,0,0,0,4,0,0,16ASV3,18942,21701,3167,29472,15636,8356,12698,17434,18139,16461,15405,12945,9325ASV5,68,223,14,225,160,3671,7627,5496,5440,1992,92,604,148ASV8,0,0,0,3993,0,0,0,0,0,0,0,0,0ASV11,2051,1518,75,3126,1199,1594,1458,725,1039,5451,1258,216,3695ASV15,0,0,23,0,0,0,0,0,0,0,0,0,0ASV16,6,29,91,499,168,82,24,26,169,99,107,68,32ASV20,4,0,107,859,12,8,0,0,0,2,0,54,209ASV21,0,0,0,1122,0,0,0,0,0,0,0,0,0ASV22,56,14,2459,199,7,802,16,3,506,47,509,709,442ASV24,117,561,113,2954,43,446,167,166,231,80,350,165,1459ASV25,0,0,30,141,52,23,0,0,9,0,0,9,6ASV27,0,0,87,0,6,0,0,0,0,0,10,9,6ASV31,0,0,171,1863,20,26,21,0,5,1640,271,119,15ASV32,0,0,0,0,0,0,0,0,0,0,0,0,0ASV35,0,0,0,0,0,0,0,0,0,0,2,0,0ASV38,0,0,0,4,0,0,0,0,0,0,0,0,0ASV43,5,0,304,5,0,1,0,0,0,0,10,96,6ASV44,0,0,0,31,0,0,0,0,0,0,0,0,0ASV46,0,0,656,75,0,4,0,0,0,11,58,37,6ASV49,0,0,0,5,0,0,0,0,0,0,0,0,0ASV50,0,0,0,2258,0,0,0,0,0,0,0,0,0ASV51,0,2,24,0,0,15,0,0,16,96,62,19,0ASV53,0,0,0,76,0,0,0,0,0,0,0,0,0ASV54,308,21,134,63,4,119,60,25,82,35,104,41,174ASV57,0,0,0,389,0,0,0,0,0,0,0,0,0ASV58,0,0,96,318,0,86,0,0,0,5,231,77,62ASV59,0,0,52,0,0,8,0,0,25,62,65,35,5ASV63,0,0,0,7,0,0,0,0,0,0,0,0,0ASV83,0,0,0,0,0,0,0,0,0,0,0,0,0ASV95,0,0,0,10,0,0,0,0,0,0,0,0,0ASV96,0,0,436,3,0,40,0,0,0,0,6,69,0ASV98,0,0,1,0,0,0,0,0,6,0,37,2,0ASV105,0,0,0,18,0,0,0,0,0,0,0,0,0ASV108,0,0,0,0,0,0,0,0,0,0,6,0,0ASV114,29,125,10,68,47,51,54,9,130,1,28,19,447ASV116,0,0,10,231,0,24,0,0,0,0,4,15,20ASV118,0,0,0,0,0,0,0,0,0,0,0,0,0ASV119,0,0,994,3,0,0,0,0,0,0,5,16,0ASV121,0,0,0,0,0,0,0,0,0,0,0,0,0ASV125,0,0,0,8,0,0,0,0,0,0,0,0,0ASV130,0,0,0,18,0,0,0,0,0,0,0,0,0ASV131,0,0,0,0,0,0,0,0,0,0,0,0,0ASV135,0,0,21,0,5,0,0,8,9,0,0,4,0ASV136,0,0,0,0,0,0,0,0,0,0,0,0,0ASV143,0,0,0,8,0,0,0,0,0,0,0,2,0ASV150,0,0,5,4,0,13,0,0,0,0,20,60,0ASV151,0,0,228,0,0,39,0,0,37,0,47,73,0ASV155,0,0,154,0,0,0,0,0,6,0,0,3,9ASV157,0,0,75,0,248,8,0,0,20,2,14,21,19ASV160,0,0,16,0,0,10,0,0,7,0,4,18,0ASV161,0,0,0,0,0,0,0,0,0,0,0,0,0ASV162,0,0,90,4,10,0,1,0,0,0,0,16,19ASV163,0,0,0,0,0,0,0,0,0,0,0,0,0ASV166,0,0,1,0,0,0,0,0,0,0,0,0,0ASV170,0,0,0,0,0,0,0,0,0,0,0,0,0ASV178,0,0,0,0,0,0,0,0,6,0,0,0,0ASV181,12,51,0,5,3,0,0,1,10,0,10,6,30ASV204,0,0,15,13,28,0,0,0,43,0,14,158,34ASV205,0,0,0,0,0,0,0,0,0,0,0,0,0ASV210,0,0,3,0,0,0,0,0,0,0,0,0,0ASV211,0,0,0,387,0,0,0,0,0,22,0,0,140ASV218,0,0,341,4,0,0,0,0,0,0,3,90,0ASV223,0,0,0,5,0,0,0,0,0,0,0,0,0ASV227,0,0,0,26,0,0,0,0,0,0,0,0,0ASV230,0,0,10,4,0,0,0,0,9,0,6,4,0ASV232,0,0,0,0,0,0,0,0,0,0,0,0,0ASV235,0,0,0,4,0,0,0,0,0,0,0,0,0ASV242,0,0,1,0,0,0,0,0,0,0,0,0,0ASV243,0,0,0,0,0,0,0,0,0,0,0,0,0ASV246,0,0,16,1,37,0,0,0,0,0,0,1,0ASV247,0,0,0,2,0,0,0,0,0,0,0,0,0ASV248,2,6,91,18,0,21,5,0,0,0,47,11,41ASV261,0,0,32,0,6,0,0,0,0,17,3,11,0ASV263,0,0,51,0,0,6,0,0,0,0,0,82,256ASV265,0,1,84,2,3,10,0,0,10,5,4,10,19ASV273,0,0,0,0,0,0,0,0,53,0,0,0,144ASV275,0,0,0,0,0,0,0,0,0,0,0,0,0ASV281,0,0,0,0,0,0,0,0,0,0,0,0,0ASV285,0,0,0,0,0,0,0,0,0,0,0,0,0ASV286,0,0,0,0,0,0,0,0,0,0,0,0,0ASV299,0,0,0,0,0,0,0,0,0,0,0,0,0ASV300,0,0,0,0,0,0,0,0,0,0,0,0,0ASV307,0,0,0,0,0,0,0,0,0,0,0,0,0ASV329,0,0,0,0,0,0,0,0,0,0,0,0,0ASV337,0,0,0,0,0,0,0,0,0,0,0,0,0ASV343,0,0,0,0,0,0,0,0,0,0,0,0,0ASV346,0,0,0,0,0,2,0,0,0,0,0,0,0ASV347,4,4,5,6,0,3,0,0,6,0,9,15,116ASV352,8,2,6,0,0,7,7,0,0,0,5,0,79ASV360,0,0,0,0,0,0,0,0,0,0,0,0,0ASV365,14,0,121,46,9,13,5,2,0,30,4,16,58ASV368,6,0,2,0,0,0,2,0,3,0,0,0,4ASV370,0,0,0,0,0,0,0,0,0,0,149,0,0ASV371,0,0,8,0,0,0,0,0,0,0,0,0,0ASV379,0,0,0,0,0,0,0,0,0,0,0,0,0ASV387,0,0,0,0,0,0,0,0,0,0,0,0,0ASV388,0,0,0,0,0,0,0,0,0,0,0,0,0ASV391,0,0,0,0,0,5,0,0,0,0,0,0,1ASV392,0,0,0,0,0,0,0,0,0,0,0,0,0ASV394,0,0,0,0,0,0,0,0,11,0,0,9,0ASV397,0,0,0,0,0,0,0,0,0,0,0,0,0ASV402,0,0,0,0,2,0,0,0,0,0,0,0,0ASV403,0,0,0,0,0,0,0,0,85,0,4,2,41ASV406,23,0,0,0,0,0,0,0,0,0,0,17,85ASV410,0,0,0,0,0,0,0,0,0,0,0,0,0ASV411,0,0,0,0,0,12,0,0,0,0,0,0,0ASV412,0,0,0,0,0,0,0,0,0,0,0,0,0ASV416,0,0,13,0,0,0,0,0,0,0,0,2,0ASV430,0,0,0,0,0,0,0,0,0,0,0,0,0ASV433,0,0,4,1,0,5,0,0,0,0,5,0,0ASV436,0,0,0,0,3,0,0,0,0,0,10,0,0ASV452,0,0,3,0,5,1,0,1,12,3,0,0,5ASV461,0,0,0,0,0,0,0,0,0,0,0,0,0ASV467,0,0,14,0,0,0,0,0,0,0,0,3,0ASV475,0,0,0,0,0,0,0,0,0,0,0,0,0ASV479,0,0,0,0,0,0,0,0,0,0,0,1,0ASV481,0,0,0,0,0,0,0,0,0,0,0,0,0ASV486,0,0,0,0,0,0,0,0,0,0,0,0,0ASV488,0,0,0,0,0,0,0,0,0,0,0,0,0ASV489,0,0,0,0,0,0,0,0,0,0,0,0,0ASV496,0,0,0,0,0,0,0,0,0,0,0,0,0ASV498,0,0,0,0,0,0,0,0,0,0,0,0,0ASV499,0,0,0,0,0,0,0,0,0,0,0,0,0ASV500,0,0,5,0,0,0,0,0,0,0,9,0,0ASV502,0,0,8,0,0,0,0,1,0,0,0,0,4ASV513,0,0,2,0,0,0,0,0,0,0,0,0,2ASV516,0,0,9,0,0,0,0,0,0,0,0,9,0ASV523,0,0,14,0,0,0,0,0,0,0,0,15,0ASV531,0,0,0,0,0,0,0,0,0,0,0,0,0ASV532,0,2,2,0,0,0,0,0,0,0,0,0,0ASV534,0,0,0,0,0,0,0,0,0,0,0,0,0ASV535,0,0,5,0,0,0,0,0,6,0,0,0,27ASV539,0,0,0,0,0,0,0,0,0,0,0,0,0ASV542,0,0,0,0,0,0,0,0,0,5,0,0,0ASV548,0,6,0,0,0,0,2,2,15,0,0,0,29ASV552,0,0,0,0,0,0,0,0,0,0,0,0,0ASV558,0,0,0,0,0,0,0,0,0,0,0,0,0ASV559,0,0,0,27,0,0,0,0,0,0,0,0,0ASV572,0,0,0,0,0,0,0,0,0,0,0,0,0ASV573,0,0,0,0,0,0,0,0,0,0,0,0,0ASV578,0,0,0,0,0,0,0,0,0,8,7,2,0ASV589,4,7,0,3,0,12,0,7,0,0,0,2,17ASV592,0,0,0,0,0,0,0,0,0,0,0,0,0ASV594,0,0,0,0,0,0,0,0,0,0,0,0,0ASV595,0,0,0,0,0,0,0,0,0,0,0,0,0ASV596,0,0,0,0,0,0,0,3,0,0,0,0,0ASV600,0,0,6,0,0,0,0,0,0,0,0,0,0ASV604,0,0,0,0,0,0,0,0,0,0,0,0,0ASV606,0,0,8,0,10,0,0,0,0,0,0,0,10ASV609,0,0,0,0,4,3,0,0,0,0,0,0,0ASV613,0,0,0,1,0,0,0,0,0,0,0,15,0ASV618,0,0,0,0,0,0,0,0,0,0,0,0,0ASV619,0,0,0,0,0,0,0,0,0,0,0,0,0ASV626,0,0,0,0,0,0,0,0,0,0,0,0,0ASV630,0,0,6,0,0,4,0,0,0,0,4,0,0ASV633,0,0,8,0,0,0,0,0,0,0,0,0,0ASV654,0,0,0,0,0,0,0,0,0,0,0,0,0ASV656,0,0,0,0,0,0,0,0,0,0,0,0,0ASV657,0,0,0,0,0,0,0,0,0,0,0,0,0ASV666,0,0,0,0,0,0,0,0,0,0,0,0,0ASV669,0,0,0,0,0,0,0,0,0,0,0,0,0ASV671,0,0,0,0,0,0,0,0,0,0,7,19,0ASV673,0,0,0,0,0,0,0,0,0,0,0,0,0ASV675,0,0,0,0,0,0,0,0,0,0,0,3,39ASV679,0,0,0,0,0,0,0,0,0,0,0,0,0ASV680,0,0,0,0,0,0,0,0,0,0,0,0,0ASV685,0,0,0,0,0,0,0,0,0,0,0,0,0ASV694,0,0,0,0,0,0,0,0,0,0,0,0,0ASV696,0,0,0,0,0,0,0,0,0,0,0,0,0ASV698,0,0,0,0,0,0,0,0,0,0,0,0,0ASV708,0,0,0,0,0,0,0,0,0,0,0,0,0ASV723,0,0,0,0,0,0,0,0,0,0,0,0,0ASV726,0,0,0,5,0,0,0,0,0,0,0,0,0ASV729,0,0,0,0,0,0,0,0,0,0,0,0,0ASV736,0,0,0,0,0,0,0,0,0,0,0,0,0ASV738,0,0,0,0,0,0,0,0,0,0,0,0,0ASV742,0,0,35,0,0,0,0,0,0,0,0,0,0ASV746,0,0,0,0,0,0,0,0,0,0,0,0,0ASV769,0,0,0,0,0,0,0,0,0,0,0,0,0ASV772,0,0,0,0,0,0,0,0,0,0,0,0,0ASV774,0,0,0,0,7,0,0,0,0,0,0,0,7ASV776,0,0,0,0,0,0,0,0,0,0,0,0,0ASV785,0,0,0,17,1,0,0,0,0,0,0,0,3ASV790,2,0,0,1,4,5,0,0,0,2,2,2,4ASV793,0,0,0,0,0,0,0,0,0,0,0,0,0ASV799,0,0,0,0,0,0,0,0,0,0,0,0,0ASV812,0,0,0,0,13,0,0,0,0,0,0,0,0ASV813,0,0,0,0,0,0,0,0,0,0,0,0,0ASV814,0,0,0,0,0,0,0,0,0,0,0,0,0ASV815,0,0,0,0,0,0,0,0,0,0,0,0,0ASV826,0,0,3,0,0,0,0,0,0,3,0,4,5ASV828,0,0,0,0,0,0,0,0,0,0,0,0,8ASV832,0,0,0,0,0,0,0,0,0,0,0,0,0ASV835,0,0,28,0,0,0,0,0,0,0,0,11,0ASV843,0,0,0,0,0,0,0,0,0,0,0,0,0ASV844,0,0,0,0,0,0,0,0,0,0,0,0,0ASV848,0,0,0,0,0,0,0,0,0,0,0,0,0ASV859,0,0,0,0,0,0,0,0,0,0,0,0,0ASV861,0,0,1,0,0,0,0,0,0,0,0,0,0ASV869,0,0,0,0,0,0,0,0,0,0,0,0,0ASV874,0,0,0,0,0,0,0,0,0,0,0,0,0ASV884,0,0,0,0,0,0,0,0,0,0,0,0,0ASV886,0,0,0,0,0,0,0,0,0,0,0,0,0ASV895,0,0,0,0,0,0,0,0,0,0,0,0,0ASV900,0,0,0,0,0,0,0,0,0,0,0,0,0ASV902,0,0,0,0,0,0,0,0,0,0,0,0,0ASV905,0,0,0,0,0,0,0,0,0,0,0,0,0ASV908,0,0,0,3,0,1,0,0,0,0,0,0,0ASV916,0,0,0,0,0,0,0,0,0,0,0,0,0ASV921,0,0,0,0,0,0,0,0,0,0,0,0,5ASV922,0,0,0,0,0,0,0,0,0,0,0,0,0ASV935,0,0,0,0,0,0,0,0,0,0,0,12,0ASV945,0,0,0,0,0,0,0,0,0,0,0,0,0ASV949,0,0,0,0,0,0,0,0,0,0,0,0,0ASV950,0,0,0,0,0,0,0,0,0,0,0,0,0ASV951,0,0,0,0,0,0,0,0,0,0,0,0,0ASV961,0,0,0,0,0,0,0,0,0,0,0,0,0ASV965,0,0,0,0,0,0,0,0,0,0,0,0,0ASV978,0,0,0,0,0,0,0,0,0,0,0,0,0ASV994,0,0,10,0,0,0,0,0,0,0,0,0,0ASV998,0,0,0,0,0,0,0,0,0,0,0,0,0ASV1001,0,0,0,0,0,0,0,0,0,0,0,0,9ASV1015,0,0,0,0,0,0,0,0,0,0,0,0,5ASV1019,0,0,0,0,0,0,0,0,3,0,0,0,0ASV1021,0,0,2,0,0,0,0,0,5,0,0,0,0ASV1023,0,0,0,0,0,0,0,0,0,17,0,0,0ASV1024,0,0,0,0,0,0,0,0,0,0,0,0,17ASV1026,0,0,0,0,0,0,0,0,0,0,0,0,0ASV1032,0,0,0,0,0,0,0,0,0,0,0,0,0ASV1034,0,0,0,0,0,0,0,0,0,0,0,0,0ASV1038,0,0,0,0,0,0,0,0,0,0,0,0,0ASV1040,0,0,0,0,0,0,0,0,0,0,0,0,0ASV1048,0,0,0,0,0,0,0,0,0,0,0,0,0ASV1049,0,0,0,0,0,0,0,0,0,0,0,0,0ASV1050,0,0,0,0,0,0,0,0,0,0,0,0,0ASV1062,0,0,0,0,0,0,0,0,0,0,0,0,0ASV1091,0,0,0,0,0,0,0,0,0,0,0,0,0ASV1115,0,0,0,0,0,0,0,0,14,0,0,0,0ASV1118,0,0,0,0,0,0,0,0,0,0,0,0,0ASV1120,0,0,0,0,0,0,0,0,0,0,0,0,0ASV1131,0,0,0,0,0,0,0,0,0,0,0,0,0ASV1134,0,0,0,0,0,0,0,0,0,0,0,0,0ASV1140,0,0,0,0,0,0,0,0,0,0,0,0,0ASV1152,0,0,0,0,0,0,0,0,0,0,0,0,0ASV1165,0,0,0,0,0,0,0,0,0,0,0,0,5ASV1169,0,0,0,0,0,0,0,0,0,0,0,0,0ASV1170,0,0,0,0,0,0,0,0,0,0,0,0,0ASV1172,0,0,0,0,0,0,0,0,0,0,0,0,0ASV1177,0,0,0,0,0,0,0,0,0,0,0,0,0ASV1184,0,0,0,0,0,0,0,0,0,0,0,0,12ASV1191,0,0,0,0,0,0,0,0,0,0,0,0,0ASV1195,0,0,0,0,0,0,0,0,0,0,0,0,0ASV1198,0,0,0,0,0,0,0,0,0,0,0,0,0ASV1208,0,0,0,0,0,0,0,0,0,0,0,0,0ASV1209,0,0,0,0,0,0,0,0,0,0,0,0,0ASV1224,0,0,0,0,0,0,0,0,0,0,0,0,0ASV1226,0,0,0,0,0,0,0,0,0,0,0,0,0ASV1227,0,0,0,0,0,0,0,0,0,0,0,0,0ASV1241,0,0,0,0,0,0,0,0,0,0,0,0,0ASV1254,0,0,0,0,0,0,0,0,0,0,0,0,0ASV1262,0,0,0,0,0,0,0,0,0,0,10,0,0ASV1265,0,0,0,0,0,0,0,0,0,0,0,0,0ASV1269,0,0,0,0,0,0,0,0,0,0,0,0,0ASV1270,0,0,0,0,0,0,0,0,0,0,0,0,0ASV1285,0,0,0,0,0,0,0,0,0,0,0,0,0ASV1309,0,0,0,0,0,0,0,0,0,0,0,0,0ASV1312,0,0,0,0,0,0,0,0,0,0,0,0,0ASV1317,0,0,0,0,0,0,0,0,0,0,0,0,0ASV1329,0,0,0,0,0,0,0,0,0,0,0,0,0ASV1339,0,0,0,0,0,0,0,0,0,0,0,0,0ASV1347,0,0,0,0,0,0,0,0,0,0,0,0,0ASV1348,0,0,0,0,0,0,0,0,0,0,0,0,0ASV1349,0,0,0,0,0,0,0,0,0,0,0,0,0ASV1360,0,0,0,0,0,0,0,0,0,0,0,0,0ASV1361,0,0,0,0,0,0,0,0,0,0,0,3,0ASV1365,0,0,0,0,0,0,0,0,0,0,0,0,0ASV1373,0,0,0,0,0,0,0,0,0,0,0,0,0ASV1376,0,0,0,0,0,0,0,0,0,0,0,0,0ASV1381,0,0,0,0,0,0,0,0,0,0,0,0,0ASV1396,0,0,7,0,0,0,0,0,0,0,0,0,0ASV1401,0,0,0,0,0,0,0,0,0,0,0,0,7ASV1406,0,0,0,0,0,0,0,0,0,0,0,0,0ASV1421,0,0,0,0,0,0,0,0,0,0,0,0,0ASV1438,0,0,0,0,0,0,0,0,0,0,0,0,0ASV1440,0,0,0,0,0,0,0,0,0,0,0,0,0ASV1461,0,0,0,6,0,0,0,0,0,0,0,0,0ASV1469,0,0,0,0,0,0,0,0,0,0,0,0,6ASV1470,0,0,0,0,0,0,0,0,0,0,0,0,0ASV1471,0,0,0,0,0,0,0,0,0,0,0,0,0ASV1484,0,0,0,0,0,0,0,0,0,0,0,0,0ASV1492,0,0,0,0,0,0,0,0,0,0,0,0,0ASV1523,0,0,0,0,0,0,0,0,0,0,0,0,0ASV1527,0,0,0,0,0,0,0,0,0,0,0,0,0ASV1529,0,0,0,0,0,0,0,0,0,0,0,0,0ASV1536,0,0,0,0,0,9,0,0,0,0,0,0,0ASV1543,0,0,0,0,0,0,0,0,0,0,0,0,5ASV1544,0,0,0,0,0,0,0,0,0,0,0,0,5ASV1556,0,0,0,0,0,0,0,0,0,0,0,0,0ASV1559,0,0,0,2,0,0,0,0,0,0,0,0,0ASV1572,0,0,2,0,0,0,0,0,0,0,0,0,0ASV1575,0,0,0,0,0,0,0,0,0,0,0,0,0ASV1579,0,0,0,0,0,0,0,0,0,0,0,0,0ASV1607,0,0,0,0,0,0,0,0,0,0,0,0,0ASV1618,0,0,0,0,0,0,0,0,0,0,0,0,0ASV1620,0,0,0,0,0,0,0,0,0,0,0,0,0ASV1630,0,0,0,4,0,0,0,0,0,0,0,0,0ASV1636,0,0,0,0,0,0,0,0,0,0,4,0,0ASV1680,0,0,0,0,0,0,0,0,0,0,0,0,0ASV1695,0,0,0,0,0,0,0,0,0,0,0,0,0ASV1713,0,0,0,0,0,0,0,0,0,0,0,0,0ASV1755,0,0,0,0,0,0,0,0,0,0,0,0,3ASV1759,0,0,0,0,0,0,0,0,0,0,0,0,0ASV1760,0,0,0,0,0,0,0,0,0,0,0,0,0ASV1772,0,0,0,0,0,0,0,0,0,0,0,0,0ASV1774,0,0,0,0,0,0,0,0,0,0,0,0,0ASV1783,0,0,0,0,0,0,0,0,0,0,0,0,0ASV1797,0,0,0,0,0,0,0,0,0,0,0,0,0ASV1802,0,0,0,0,0,0,0,0,0,0,0,0,0ASV1809,0,0,0,0,0,0,0,0,0,0,0,0,0ASV1820,0,0,0,0,0,0,0,0,0,0,0,0,0ASV1878,0,0,0,0,0,0,0,0,0,0,0,0,0ASV1901,0,0,2,0,0,0,0,0,0,0,0,0,0ASV1912,0,0,0,0,0,0,2,0,0,0,0,0,0ASV1924,0,0,0,0,0,0,0,0,0,0,0,0,0ASV1939,0,0,0,0,0,0,0,0,0,0,0,0,0ASV1942,0,0,0,0,0,0,0,0,0,0,0,0,0ASV1944,0,0,0,0,0,0,0,0,0,0,0,0,0ASV1945,0,0,0,0,0,0,0,0,0,0,0,0,0ASV1960,0,0,0,0,0,0,0,0,0,0,0,0,0ASV1970,0,0,0,0,0,0,0,0,0,0,0,0,0ASV1997,0,0,0,0,0,0,0,0,0,0,0,0,0ASV2003,0,0,0,0,0,0,0,0,0,0,0,0,0ASV2011,0,0,0,0,0,0,0,0,0,0,0,0,0ASV2057,0,0,0,0,0,0,0,0,0,0,0,0,0ASV2106,0,0,0,0,0,0,0,0,0,0,0,0,0ASV2144,0,0,0,0,0,0,0,0,0,0,0,0,0ASV2180,0,0,0,0,0,0,0,0,0,0,0,0,0